lat,lon,ndvi_max,ndvi_min,ndvi_mean,ndvi_std,ndvi_range,ndvi_max_decline,ndvi_recovery,ndvi_below_thresh,peak_timing,ndwi_mean,ndwi_min,ndwi_stress_fraction,evi_mean,evi_max,evi_std,savi_mean,savi_max,ndvi_ndwi_corr,dual_stress_fraction,cluster,stress_label,green_up_date,peak_date,senescence_date,peak_ndvi,season_length
24.495981772723027,84.52635387703498,0.589733579428571,0.13050740685714257,0.32038360343317956,0.13565732666319674,0.4592261725714284,-0.21015869114285718,0.1678790102857145,37,0.6451612903225806,-0.33677968523502266,-0.6241008831428567,1.0,0.6643060622398057,0.8881858763809422,0.08453344752894248,0.4805266072084279,0.8845249815942652,-0.9165108566207878,0.5967741935483871,0,MILD_STRESS,2023-02-04,2023-10-12,2023-12-16,0.589733579428571,315
24.495983794393656,84.52630158517199,0.5857397514285709,0.13167227542857118,0.31072333442630357,0.13341639314092518,0.45406747599999975,-0.20404922657142857,0.15674213314285756,39,0.6507936507936508,-0.33027777846711986,-0.6219451077142852,1.0,0.7079330986951768,0.9601707860135484,0.13583739390593377,0.46603761330951127,0.8785338225117953,-0.9138556694115324,0.6190476190476191,0,MILD_STRESS,2023-05-27,2023-10-12,2023-12-16,0.5857397514285709,203
24.57416167641325,83.63250147234471,0.3218508785714283,0.1331652148571427,0.20359524157142836,0.05223568606304314,0.1886856637142856,-0.06916621428571429,0.02312624428571436,30,0.6333333333333333,-0.2964147640666664,-0.35780511114285685,1.0,0.5503031319462364,0.9781634590967381,0.21939560982479564,0.30536642175423784,0.48272885949378286,-0.7212917659122473,1.0,1,STRESSED,2023-10-17,2023-10-17,2023-10-17,0.3218508785714283,0
24.66447999279747,83.91239208469253,0.6084572754285709,0.13307022999999985,0.3531438689714282,0.14355942654730716,0.475387045428571,-0.23690685171428588,0.06713158485714238,15,0.6333333333333333,-0.3707410839999996,-0.5428476085714281,1.0,0.21680708442210048,0.9332263660460438,0.6481611302131686,0.529673744010678,0.9126182918279377,-0.9570362129672791,0.5,0,MILD_STRESS,2023-01-15,2023-10-17,2023-12-16,0.6084572754285709,335
24.728382608659693,85.50753287459847,0.6191587191428568,0.0435489079999998,0.3144444700187753,0.19536786302780174,0.575609811142857,-0.1394054828571428,0.04371988154285733,19,0.6571428571428571,-0.32511312370612216,-0.5448084811428566,1.0,0.5093591333312412,0.7394834331514977,0.17842188645942622,0.47162739273103244,0.928663775885703,-0.9787196584028296,0.5428571428571428,0,MILD_STRESS,2023-01-17,2023-10-14,2023-11-08,0.6191587191428568,295
24.78770995034834,85.03161154138597,0.45736558942857103,0.13051790628571416,0.28096890498739474,0.11328309283141527,0.32684768314285684,-0.08606903314285708,0.039254470285714355,39,0.8676470588235294,-0.29933703835294095,-0.4322499571428567,1.0,0.5614156763850331,0.6689320299175534,0.10944801549525159,0.4214201461918205,0.6859922398004721,-0.9557918902928028,0.5735294117647058,1,STRESSED,2023-05-07,2023-11-18,2023-12-18,0.45736558942857103,225
24.78773142793995,85.03161554260646,0.45534568742857107,0.14061243085714273,0.2812528088067225,0.11010536923433323,0.31473325657142837,-0.15364484285714292,0.05409440457142853,19,0.8823529411764706,-0.3032146463445375,-0.4441352174285711,1.0,0.536802071240188,0.6021117391897554,0.07777337513809102,0.4218457433383276,0.6829618283151444,-0.961607720762,0.5588235294117647,1,STRESSED,2023-05-12,2023-11-18,2023-12-13,0.45534568742857107,215
24.82697615906361,84.90506623201334,0.5620051048571424,0.08631690142857132,0.2942813171519271,0.12140804718738575,0.4756882034285711,-0.0792759437142857,0.0,44,0.6507936507936508,-0.30238621019047596,-0.4957976759999996,1.0,0.7371816824594041,0.9618615945615651,0.14615866927654617,0.44138322503046606,0.8429361693432738,-0.9756694189629777,0.6984126984126984,0,MILD_STRESS,2023-02-06,2023-10-12,2023-11-08,0.5620051048571424,275
24.82698288339234,84.90503285047747,0.5672199759999994,0.0820500734285714,0.29388882858705334,0.12387433699217128,0.485169902571428,-0.08422828928571427,0.0,44,0.65625,-0.301045733191964,-0.5001199879999996,1.0,0.7120691633513048,0.9549993402631769,0.16109193059532154,0.44079482844478446,0.8507585257541403,-0.9749982025068601,0.6875,0,MILD_STRESS,2023-02-06,2023-10-12,2023-11-06,0.5672199759999994,273
24.89651322225655,85.32109719239186,0.49420450828571394,0.0576915242857141,0.25072065675630234,0.13060820427837957,0.4365129839999998,-0.09414446771428564,0.08987026657142878,22,0.6470588235294118,-0.2750812481764703,-0.42846404199999966,1.0,0.6278595696143112,0.9612230334118589,0.2592695551846854,0.37604792886793786,0.74124125507999,-0.9694007884761617,0.6470588235294118,1,STRESSED,2023-01-27,2023-10-14,2023-11-03,0.49420450828571394,280
24.929593007845224,84.6379330931922,0.6159670625714282,0.09704600199999976,0.28001775681179114,0.13500978509333106,0.5189210605714284,-0.0741466705714286,0.041146526285714455,50,0.6507936507936508,-0.29609763105668907,-0.5445283405714282,1.0,0.6823927347922968,0.9775815467182997,0.17187012752610228,0.4199911042812112,0.9238802864359903,-0.9833598932473943,0.7936507936507936,0,MILD_STRESS,2023-02-06,2023-10-12,2023-11-16,0.6159670625714282,283
24.929606131476618,84.63796351056507,0.5911655088571424,0.10642905799999977,0.2779231204196426,0.12415580738592179,0.48473645085714256,-0.0710380108571429,0.039769544571428644,51,0.65625,-0.2942245931562497,-0.5235941782857139,1.0,0.7010154503959786,0.9887335510466786,0.17545825648640692,0.4168493036388883,0.886679447917774,-0.9791095027131913,0.796875,0,MILD_STRESS,2023-02-06,2023-10-12,2023-11-16,0.5911655088571424,283
24.976795211066857,84.62985290020244,0.5914936011428567,0.1022139559999999,0.34546173655328766,0.12798376936994432,0.48927964514285677,-0.09564040142857139,0.0,32,0.6507936507936508,-0.34701736706575936,-0.5303330991428568,1.0,0.8148307029409161,0.9456910278272009,0.10725643963578983,0.5181487681394618,0.887166256604486,-0.9760157206837673,0.5079365079365079,0,MILD_STRESS,2023-01-17,2023-10-12,2023-11-18,0.5914936011428567,305
24.976852680933213,84.62990100252732,0.5853142439999995,0.09267897114285706,0.32458862537327154,0.12849590596295032,0.4926352728571425,-0.09643059485714284,0.0,34,0.6451612903225806,-0.33267265765437765,-0.5234944171428567,1.0,0.71546591358852,0.9179393295930882,0.23243354695508353,0.48684112401103835,0.8778970365628496,-0.9769133445543381,0.5483870967741935,0,MILD_STRESS,2023-01-17,2023-10-12,2023-11-16,0.5853142439999995,303
24.98366405532328,84.20121193056889,0.6721670691428565,0.11753110357142826,0.3868268805571425,0.15346678132142413,0.5546359655714282,-0.1957001964285714,0.0371949950000004,12,0.5333333333333333,-0.36416744519047595,-0.5591735042857138,1.0,0.6789603040217994,0.8444230664448634,0.12262671353757729,0.5746516231634315,0.9274645531410841,-0.9837876951582234,0.4,0,MILD_STRESS,2023-01-30,2023-05-30,2023-11-11,0.6721670691428565,285
24.983665833006302,84.2012122731366,0.6705972777142852,0.11843545099999969,0.3859865089952378,0.15340121244238653,0.5521618267142856,-0.19604765214285713,0.03470618385714322,12,0.5333333333333333,-0.36344799720952353,-0.5583329037142852,1.0,0.6584430060063179,0.7805218340838239,0.10369647999257138,0.5734735678062746,0.9263108590844964,-0.983126736804417,0.4,0,MILD_STRESS,2023-01-30,2023-05-30,2023-11-11,0.6705972777142852,285
25.004128654816142,85.82941266326443,0.5661414791428567,0.0856401843142857,0.28248531391344517,0.15904577749064125,0.480501294828571,-0.14348748699999997,0.0,22,0.6470588235294118,-0.28541036105041995,-0.49783747199999967,1.0,0.5144469493374174,0.7370669608186018,0.16478339634964712,0.42369235676426675,0.8491413427873182,-0.9745688298299772,0.6470588235294118,0,MILD_STRESS,2023-01-17,2023-10-14,2023-11-03,0.5661414791428567,290
25.04261389219397,84.63446371941521,0.5497681093714282,0.09616686651428549,0.31979383843526754,0.1484064894180982,0.45360124285714265,-0.0990637420000001,0.05445369748571416,32,0.65625,-0.326964119098214,-0.48518466114285674,1.0,0.5563089839322726,1.0125740538767372,0.29852479711082186,0.47965005355024465,0.8245831902163611,-0.9762830026887265,0.5,0,MILD_STRESS,2023-01-17,2023-10-12,2023-11-16,0.5497681093714282,303
25.04263562537744,84.63448305540332,0.5537850877142854,0.09880178628571407,0.3218008498548749,0.14171704385877645,0.4549833014285713,-0.11051461885714292,0.057760595142857085,32,0.6507936507936508,-0.32912047851473897,-0.4900978151428568,1.0,0.5647465963696296,1.000504480151137,0.29153474023400205,0.48266015395182815,0.8306093583130857,-0.9766812354668953,0.5079365079365079,0,MILD_STRESS,2023-01-17,2023-10-12,2023-12-13,0.5537850877142854,330
25.045662488345812,86.82745542085473,0.5588450825714282,0.08552032157142841,0.3001732887271887,0.15240441962509782,0.47332476099999976,-0.13724296971428568,0.022400360000000175,18,0.5806451612903226,-0.3011068901474651,-0.5117853354285711,1.0,0.5312317083377549,0.987293734267428,0.33196984165380977,0.43594068139178405,0.8068232404107736,-0.9701138036360245,0.5806451612903226,0,MILD_STRESS,2023-02-06,2023-05-22,2023-11-13,0.5588450825714282,280
25.05959631089119,86.60485417027094,0.5870432359999995,0.08077986599999981,0.3033123659170504,0.13342592357059482,0.5062633699999997,-0.12665743942857138,0.05652585314285713,22,0.7096774193548387,-0.3121360987188938,-0.5255589571428567,1.0,0.7701591761753038,0.9591348682144292,0.11372775067230936,0.45493031185114563,0.8804934594483254,-0.9836696374611321,0.7096774193548387,0,MILD_STRESS,2023-01-27,2023-10-14,2023-11-13,0.5870432359999995,290
25.073618564209035,83.80439777327292,0.388963788285714,0.13769111257142835,0.23591684781904737,0.05563118533170206,0.25127267571428563,-0.056153882000000016,0.025944836571428764,28,0.6333333333333333,-0.2450655602857141,-0.3414231557142855,1.0,0.6407664711949601,0.928209543425605,0.24437790873461646,0.35384315491395324,0.5833944670573499,-0.8580909069218056,0.9333333333333333,1,STRESSED,2023-10-12,2023-10-17,2023-10-27,0.388963788285714,15
25.1103920046836,84.74849862252218,0.4738418648571425,0.055766154999999824,0.23576876085714266,0.12426810119671305,0.4180757098571427,-0.10463385885714283,0.04718625057142855,50,0.65625,-0.25811861376116046,-0.4286429177142853,1.0,0.5726501436695073,0.8492788136770266,0.22960536830640915,0.3536206018289399,0.7106928758716806,-0.9759709724835881,0.78125,1,STRESSED,2023-02-19,2023-10-12,2023-11-18,0.4738418648571425,272
25.110392977465303,84.74857373563094,0.47166957257142816,0.06261963957142841,0.23958929198866188,0.12226663759824222,0.40904993299999975,-0.09643492657142855,0.040747173285714255,50,0.6507936507936508,-0.25989324937414937,-0.4199660617142853,1.0,0.4013066927617416,0.7782382417288166,0.2354186057243248,0.3593503022390968,0.7074341517741466,-0.9752880396672089,0.7936507936507936,1,STRESSED,2023-02-16,2023-10-12,2023-11-18,0.47166957257142816,275
25.115300099257308,87.0191935082139,0.452058221428571,0.08534825114285695,0.26182088202232123,0.0832448020060081,0.36670997028571406,-0.06856453342857147,0.12204865028571445,54,0.734375,-0.27393403401339256,-0.42086028571428535,1.0,0.7998169577773947,0.994359382447177,0.13235613037081378,0.39269707928035547,0.6780289699835601,-0.9555613681729332,0.84375,1,STRESSED,2023-01-17,2023-10-14,2023-12-13,0.452058221428571,330
25.22107078562445,83.486930576345,0.5210026997142853,0.03533311428571412,0.2876791747021789,0.16226932054565887,0.48566958542857114,-0.13979910314285704,0.0,35,0.6779661016949152,-0.29442117458111344,-0.4582458979999996,1.0,0.6650954541101612,1.0040579345692597,0.22696891616449585,0.43147937886764887,0.7814334102324183,-0.9801778512152269,0.5932203389830508,0,MILD_STRESS,2023-01-20,2023-10-22,2023-11-06,0.5210026997142853,290
25.299303730950918,85.68922558546221,0.47812863428571384,0.08668271514285704,0.242459886643923,0.11714510546319398,0.3914459191428568,-0.04758201257142858,0.1857621702857143,50,0.05970149253731343,-0.2712207477654582,-0.4394715282857139,1.0,0.6247317192295763,0.951189796348775,0.184963269501166,0.3636595036493377,0.7171327249419569,-0.9830689031607754,0.746268656716418,1,STRESSED,2023-01-17,2023-02-06,2023-11-03,0.47812863428571384,290
25.30800877437613,86.16604545464368,0.6177137962857137,0.02360330594285703,0.267728266648791,0.18357265511332457,0.5941104903428567,-0.12096532171428565,0.3535844886285715,41,0.1076923076923077,-0.28826202664791184,-0.5521591019999994,1.0,0.23969661433975914,0.4435675294521444,0.19996200363787642,0.40155878993983357,0.9264995760360627,-0.9809859463941829,0.6307692307692307,0,MILD_STRESS,2023-01-17,2023-02-06,2023-12-28,0.6177137962857137,345
25.424024059297427,85.22726943789075,0.27189854057142837,-0.06088256704742858,0.15954976862398257,0.09002943614055055,0.33278110761885693,-0.128392216316,0.24765877047599996,33,0.9090909090909091,-0.16750915614285702,-0.26434442285714266,0.8484848484848485,0.6792362535454906,0.9696337027481599,0.3221174224312004,0.2393020801125852,0.4078056901280537,-0.956650013729882,0.8484848484848485,1,STRESSED,2023-01-17,2023-12-13,2023-12-28,0.27189854057142837,345
25.44810612875765,84.53208012457526,0.5898762988571424,0.03364662874285704,0.3123964178489794,0.19562048199688548,0.5562296701142854,-0.1797363525714285,0.0,16,0.14285714285714285,-0.32125053410204046,-0.5306234948571424,1.0,0.43582676202398024,0.8611224003839155,0.27343769077694513,0.468551429857388,0.8847355610602557,-0.9886720418548433,0.5714285714285714,0,MILD_STRESS,2023-02-09,2023-03-06,2023-11-16,0.5898762988571424,280
25.448180472305893,84.53212680687135,0.6019788822857138,0.030663569685714293,0.3153972257989793,0.19552328905040256,0.5713153125999996,-0.1828599951428571,0.0,14,0.14285714285714285,-0.3255178801040814,-0.5446437625714281,1.0,0.44927320161702494,0.7442148753362623,0.1731837101446729,0.473052372213646,0.9028901674759493,-0.9884993246273039,0.5,0,MILD_STRESS,2023-02-09,2023-03-06,2023-11-16,0.6019788822857138,280
25.455102836226555,84.09384306269588,0.43901213999999966,0.09126470599999983,0.19407296996938758,0.08020192093777319,0.34774743399999986,-0.07632127914285708,0.08127515428571433,26,0.5714285714285714,-0.25552207840816304,-0.4144802808571425,1.0,0.5067039015708129,0.7524890394453124,0.14383509019775778,0.2910887055527246,0.6584695455093788,-0.94514313625315,0.9285714285714286,1,STRESSED,2023-09-02,2023-10-12,2023-10-22,0.43901213999999966,50
25.45515048100588,84.09378797380577,0.48616501514285687,0.09697464028571406,0.21025731644897938,0.09044112843155401,0.3891903748571428,-0.0828553728571429,0.06523493942857159,25,0.5714285714285714,-0.2760105974897957,-0.4354101082857139,1.0,0.5514296098890963,0.8958833017246907,0.19298419306119932,0.3153636152027987,0.7291936392604053,-0.9447287194596234,0.8928571428571429,1,STRESSED,2023-09-02,2023-10-12,2023-10-22,0.48616501514285687,50
25.495907087905184,86.62065197352018,0.5776039925714281,0.0482764869714284,0.2595997498392855,0.1530792097787591,0.5293275055999997,-0.09518413799999989,0.16724882617142883,21,0.09375,-0.27320567163749976,-0.5459169302857138,1.0,0.600676506293999,0.8180047852910586,0.18188345114688736,0.38936269806034995,0.8663284688716189,-0.9868094459676452,0.65625,0,MILD_STRESS,2023-01-17,2023-02-11,2023-11-03,0.5776039925714281,290
25.547991237923718,84.48825352106263,0.5774141228571423,0.06169114599999992,0.3218894582755099,0.17671346017938766,0.5157229768571424,-0.14727161028571417,0.0,16,0.14285714285714285,-0.3349607965306119,-0.521127679428571,1.0,0.5563027885159161,0.8518649128342304,0.2602163461285188,0.4827922474188506,0.8660445884511592,-0.9856201353412344,0.5714285714285714,0,MILD_STRESS,2023-02-09,2023-03-06,2023-11-06,0.5774141228571423,270
25.54799896388803,84.48822074789439,0.5806549782857139,0.062258099714285586,0.3225977044693874,0.1772613906167304,0.5183968785714284,-0.1497292217142856,0.0,16,0.14285714285714285,-0.33534335750816296,-0.5235554428571424,1.0,0.5576051379687532,0.8691333398014915,0.2551451354419307,0.4838546082596367,0.8709058251117109,-0.9846634978521753,0.5714285714285714,0,MILD_STRESS,2023-02-09,2023-03-06,2023-11-06,0.5806549782857139,270
25.639229604428664,86.56052872090477,0.35379327314285686,0.11729082834285699,0.22714232134285695,0.060967193060104875,0.23650244479999988,-0.05896715085714285,0.04604916480000014,31,0.09375,-0.23876414632142837,-0.3439717979999997,1.0,0.8173077368676047,0.9675428133691589,0.11221115390543616,0.34068538234125134,0.5306488655703141,-0.9535757895426937,0.96875,1,STRESSED,2023-02-06,2023-02-11,2023-10-19,0.35379327314285686,255
25.6528989254334,86.542146823988,0.08992643114285709,-0.1645319897714285,0.02117299439196427,0.0617466247079522,0.2544584209142856,-0.08701614499999999,0.21202202462857128,32,0.90625,-0.02893832674642855,-0.11072984862857133,0.71875,0.2376783866082034,0.7751106619636612,0.3567596057854481,0.03175755119375276,0.13487862730404934,-0.9839866643486574,0.71875,1,STRESSED,2023-01-17,2023-12-13,2023-12-28,0.08992643114285709,345
25.687781778645725,85.42932579438074,0.6335293722857138,0.050586981942857046,0.2771077714336132,0.18194605601732555,0.5829423903428568,-0.16242938257142847,0.0,22,0.058823529411764705,-0.2883049620218485,-0.5827828025714281,1.0,0.6449170107511095,0.9352534871378961,0.22804283196006017,0.4156231919292166,0.9502213095892404,-0.9814429355169352,0.6470588235294118,0,MILD_STRESS,2023-01-17,2023-02-11,2023-11-03,0.6335293722857138,290
25.741058031954445,86.64899053957265,0.534111037428571,0.23431532999999974,0.34289136473214255,0.09175936010560308,0.2997957074285713,-0.13826686257142867,0.02025340628571412,20,0.625,-0.33087413588392833,-0.4899536831428568,1.0,,,,0.5142851423016339,0.8010911133915557,-0.9802881262060691,0.625,2,HEALTHY,2023-02-11,2023-10-19,2023-12-18,0.534111037428571,310
25.75651930388337,86.4274766105735,0.579811977428571,0.02479615028571418,0.2825924150142855,0.13097638396470487,0.5550158271428569,-0.11314233474285708,0.16070177837142868,25,0.09375,-0.28205743305803543,-0.5289964665714281,1.0,0.6374818986962268,0.9820924131351265,0.21269850311498012,0.4238516075685077,0.8696478464283174,-0.9806741328690496,0.78125,0,MILD_STRESS,2023-01-17,2023-02-11,2023-11-08,0.579811977428571,295
25.86374600366304,86.8357668367509,0.557388671428571,0.08577882399999986,0.29117867146874976,0.1404802560784984,0.4716098474285711,-0.10403702714285706,0.09052092428571451,22,0.625,-0.2891070794196426,-0.48939384285714244,1.0,0.630184410959566,0.8611602465093382,0.11031613217169536,0.43672969125110683,0.8360118751001849,-0.9629837676177992,0.6875,0,MILD_STRESS,2023-01-22,2023-10-19,2023-11-03,0.557388671428571,285
25.899644975167085,85.00853719003544,0.5106868985714282,0.09767066999999979,0.31011453890632285,0.08489777631051422,0.41301622857142845,-0.06848425714285714,0.02159347000000042,84,0.5901639344262295,-0.30269678085433227,-0.4671548568571424,1.0,0.3076763712229088,0.9863231767400735,0.7248577918635575,0.4651280821565025,0.7659644342381962,-0.9654588830112278,0.6885245901639344,1,STRESSED,2023-02-19,2023-10-09,2023-12-18,0.5106868985714282,302
25.89964766774224,85.00849408045715,0.5004775828571425,0.13467173457142842,0.3190309894285711,0.07638169041345771,0.36580584828571405,-0.09672670885714288,0.07044174628571431,40,0.6065573770491803,-0.31108947424355937,-0.4421496825714283,1.0,0.759999360198886,0.9286336279058776,0.12661416251079136,0.4785017027158495,0.750649001723356,-0.9564144969280088,0.6557377049180327,1,STRESSED,2023-02-21,2023-10-09,2023-12-03,0.5004775828571425,285
25.90929185415298,85.17925231149755,0.48907098399999954,0.12230467742857117,0.3019918479718966,0.09601885165724447,0.3667663065714284,-0.11282373285714291,0.010037776857143146,39,0.06557377049180328,-0.29821564370023396,-0.45566476142857093,1.0,0.8787695089986984,0.968037082128858,0.04024445967263544,0.4529454679157992,0.7335414479004364,-0.9766473232016427,0.639344262295082,1,STRESSED,2023-01-17,2023-02-11,2023-11-03,0.48907098399999954,290
25.93664004439994,85.7389690164764,0.6013570351428565,0.3303242665714281,0.45099736967099524,0.08206582380153024,0.27103276857142844,-0.09732329685714286,0.04572568685714318,1,0.6060606060606061,-0.4168707465974022,-0.5422991382857139,1.0,,,,0.676440675950395,0.9019676310735399,-0.9809390288600092,0.030303030303030304,2,HEALTHY,2023-01-17,2023-10-14,2023-12-28,0.6013570351428565,345
25.94916546407544,87.3264548683133,0.5998781137142853,0.10288741285714273,0.2998586670476188,0.13130271762589243,0.4969907008571426,-0.23175446799999988,0.054524243142857226,22,0.8484848484848485,-0.2948057770735928,-0.5320228994285711,1.0,0.6866438299734671,0.8890651437796999,0.16565066331763775,0.44975004417125986,0.8997475969410358,-0.9706653574908135,0.6666666666666666,0,MILD_STRESS,2023-02-21,2023-11-18,2023-12-18,0.5998781137142853,300
25.9678651401917,85.71686242447636,0.6127621334285708,0.10079925542857121,0.323093950012121,0.17493027801618885,0.5119628779999996,-0.11123126114285714,0.22876953771428615,19,0.06060606060606061,-0.31944600870995643,-0.5608758102857139,1.0,0.656806856690738,0.9232546368711929,0.1343620062090372,0.4846020966689476,0.919076443106739,-0.9853882567078357,0.5757575757575758,0,MILD_STRESS,2023-01-17,2023-02-11,2023-12-28,0.6127621334285708,345
25.99840870446236,84.81758021542801,0.6039104985714284,0.040132664228571265,0.292618017040816,0.19893042622035215,0.5637778343428571,-0.17770445371428562,0.08543274862857164,17,0.03571428571428571,-0.29664876672550994,-0.5609081651428569,1.0,0.6283230088548893,0.8991576208777139,0.1861167503620081,0.43889045275485467,0.9057972339525209,-0.9832172996192634,0.6071428571428571,0,MILD_STRESS,2023-02-09,2023-02-14,2023-10-27,0.6039104985714284,260
25.99843718906074,84.81760143511875,0.6111680799999999,0.04071847262857126,0.29466362192857115,0.20258573686252795,0.5704496073714286,-0.18230188885714277,0.08897917794285742,17,0.0,-0.2985457442142854,-0.5671909134285711,1.0,0.6826821763792513,0.9974403447866601,0.25146041737145636,0.4419590138650575,0.9166849175041208,-0.9842920033026126,0.6071428571428571,0,MILD_STRESS,2023-02-09,2023-02-09,2023-10-27,0.6111680799999999,260
26.11343088457756,84.78837656233179,0.4596284768571425,0.008275665771428443,0.24041342250612227,0.15458331234674466,0.451352811085714,-0.1341420291428571,0.052420401200000265,19,0.14285714285714285,-0.2453346072908161,-0.4167690857142854,1.0,0.5379552083360093,0.9313365637581225,0.22443587275602273,0.36058690307449437,0.6893781368866807,-0.9854525383778374,0.6785714285714286,1,STRESSED,2023-02-09,2023-03-06,2023-10-27,0.4596284768571425,260
26.11343125960159,84.7883532579798,0.46641867085714245,0.007699344085714158,0.23882696765408146,0.15531186600934896,0.4587193267714283,-0.13707897828571425,0.05301722045714316,19,0.14285714285714285,-0.24406742269489773,-0.4229541248571425,1.0,0.5215137974773899,0.9045474374953062,0.21614315420736688,0.3582074962100293,0.6995630470240841,-0.9855940503853536,0.6785714285714286,1,STRESSED,2023-02-09,2023-03-06,2023-10-27,0.46641867085714245,260
26.11668037541792,86.7750022002761,0.4785871308571425,0.14795512114285692,0.3101316224621846,0.08514383230883557,0.3306320097142856,-0.13815041628571445,0.08386327457142895,23,0.2647058823529412,-0.3120803251344535,-0.4635508408571425,1.0,0.8334409692414857,0.9459915878095548,0.06773291457226467,0.4651564123370891,0.7178166452207808,-0.946375392487427,0.6764705882352942,1,STRESSED,2023-01-17,2023-03-28,2023-11-18,0.4785871308571425,305
26.127647475224,86.02547942897066,0.5582497062857137,0.06376373422857114,0.24138194735120858,0.1535439486713237,0.49448597205714256,-0.1760416620000001,0.1266913137714289,47,0.6153846153846154,-0.26927696480527447,-0.5053738822857139,1.0,0.517776299680939,0.8242165714193755,0.16836816975306376,0.36204253290911365,0.837301688634922,-0.9710631831149554,0.7230769230769231,0,MILD_STRESS,2023-01-17,2023-10-14,2023-11-03,0.5582497062857137,290
26.138658172269054,84.78577141669328,0.525736428,0.08037267557142844,0.29487966188265285,0.16285074802982435,0.4453637524285715,-0.16442576714285717,0.33393160728571414,16,0.03571428571428571,-0.29598973628571396,-0.4823982457142853,1.0,0.7544479060819932,0.9638399769478054,0.23041952256570913,0.44228098496789314,0.7885351979927386,-0.9870992327011748,0.5714285714285714,0,MILD_STRESS,2023-02-09,2023-02-14,2023-12-26,0.525736428,320
26.13866287378065,84.78580128968889,0.6174976717142852,0.06996249771428557,0.31358995331948025,0.1895967191329192,0.5475351739999996,-0.13866615428571427,0.3574204120000003,31,0.9090909090909091,-0.3096582153922075,-0.5794247491428567,1.0,0.5495844715899509,0.9165640543687221,0.35006004343191316,0.47034464579536567,0.9261828071045396,-0.9872524986156561,0.5636363636363636,0,MILD_STRESS,2023-02-09,2023-12-11,2023-12-26,0.6174976717142852,320
26.156488208495432,86.41653356233715,0.5569920439999995,0.08157186742857148,0.3317345182901096,0.13160897045238446,0.475420176571428,-0.09463985171428568,0.016104397714285817,31,0.5076923076923077,-0.29901373126681285,-0.4773602508571424,1.0,0.6796503536263099,0.882164039352741,0.2020724652608727,0.4975583759428203,0.8354298972825227,-0.9601101177739668,0.47692307692307695,0,MILD_STRESS,2023-02-11,2023-06-06,2023-11-18,0.5569920439999995,280
26.201708277638154,84.61933607852656,0.6424800559999995,0.05435310257142838,0.32610989554497327,0.18435555201174766,0.5881269534285711,-0.16957218942857133,0.058786462285714436,16,0.07407407407407407,-0.31985998548994676,-0.5785659088571423,1.0,0.7137891051160665,0.9372486173956753,0.15024385716036492,0.48912339566033863,0.9636550433777307,-0.9939968625611817,0.5925925925925926,0,MILD_STRESS,2023-01-25,2023-02-14,2023-10-27,0.6424800559999995,275
26.205176723839894,87.64226357976696,0.4856542595428568,0.1145257657142856,0.24976297634600236,0.07904809351585551,0.37112849382857116,-0.11867489057142863,0.24533867371428528,96,0.6330275229357798,-0.2578374379436433,-0.42524700745714256,1.0,0.7404347699109679,0.9588018617604392,0.15923313396309582,0.37461360868519855,0.7284187571421252,-0.9257108909435158,0.8807339449541285,1,STRESSED,2023-02-13,2023-09-29,2023-12-28,0.4856542595428568,318
26.35347083182029,88.18795597236347,0.5318133897142853,0.18666331542857142,0.3625826480549448,0.12281125658974938,0.34515007428571387,-0.08957545314285709,0.13423175428571407,11,0.5384615384615384,-0.32101582208791185,-0.4803381851428567,1.0,,,,0.5438246899949817,0.7976565488637555,-0.9934196238725723,0.4230769230769231,2,HEALTHY,2023-03-05,2023-05-24,2023-12-25,0.5318133897142853,295
26.374804021765485,86.35098756900341,0.48627881514285676,0.09788394742857132,0.27326669718226576,0.11175244883100496,0.38839486771428544,-0.11157257142857138,0.02117458628571456,19,0.6896551724137931,-0.27791144533596035,-0.4363120048571425,1.0,0.6857018154036527,0.8247449872382491,0.13126042124646092,0.40986371946633365,0.7293539025308076,-0.9243063600165546,0.6551724137931034,1,STRESSED,2023-02-16,2023-10-29,2023-11-18,0.48627881514285676,275
26.705622720055,85.51189613417614,0.5923215565714282,0.15089688140000002,0.31220023175485684,0.12299536014360206,0.44142467517142814,-0.10343139542857144,0.12948452574285713,33,0.56,-0.29770412757485687,-0.5189069297142852,1.0,0.7053249929414206,1.0126148039108345,0.2091308696149545,0.4682601452197296,0.888410162802477,-0.9751041824612233,0.66,0,MILD_STRESS,2023-02-11,2023-10-14,2023-11-13,0.5923215565714282,275
26.74423897107225,84.76755501233136,0.5395623325714282,0.09718025605714276,0.32221947320211614,0.1381292104205749,0.4423820765142854,-0.07736746628571434,0.15433338422857135,12,0.5185185185185185,-0.30231048295238067,-0.4903502477142853,1.0,0.9052820688351252,0.9931154775825324,0.1704566845118737,0.4832845451497064,0.8092769998398712,-0.9934587984247363,0.4444444444444444,0,MILD_STRESS,2023-03-26,2023-06-04,2023-12-16,0.5395623325714282,265
26.77342021334172,84.70736223550318,0.5188168842857139,0.17824286342857137,0.3657379949523807,0.08201633943329598,0.34057402085714256,-0.05517997971428579,0.1508119697142858,12,0.48148148148148145,-0.3414044166137562,-0.4924407282857139,1.0,,,,0.5485522538558997,0.7781521420664875,-0.9826196431251862,0.4444444444444444,2,HEALTHY,2023-03-01,2023-05-30,2023-12-26,0.5188168842857139,300
26.885146141317158,84.80988023771987,0.5098597931428568,0.021377830542856982,0.29039936874074046,0.1441403253237148,0.4884819625999998,-0.10892400542857142,0.2516484797428574,17,0.07407407407407407,-0.29465621519576696,-0.4580823117142853,1.0,0.6739202197260258,0.9435427858189869,0.235767984894548,0.4355578118610136,0.7647243266129378,-0.9848943630809391,0.6296296296296297,0,MILD_STRESS,2023-02-09,2023-02-14,2023-11-06,0.5098597931428568,270
30.000514756929327,74.18055005741631,0.6306561942857136,0.08843714851428557,0.3998033506984123,0.17011219706884378,0.5422190457714281,-0.13838574628571426,0.5353475837714287,12,0.19444444444444445,-0.3814425860079362,-0.5788664871428573,1.0,-0.01767707209893878,0.5398040534686991,0.5287454376835323,0.5996537905997583,0.9459137602038223,-0.985294627954413,0.3333333333333333,2,HEALTHY,2023-01-17,2023-03-03,2023-12-23,0.6306561942857136,340
30.038671795938395,75.64364869809305,0.6416633034285708,0.06798968857142841,0.4149136367815123,0.19720192871228934,0.5736736148571424,-0.20447309514285705,0.22575297800000016,14,0.47058823529411764,-0.3994508705630249,-0.6167696848571422,1.0,0.7414635404412931,1.003753680101045,0.1595528497540888,0.6223214774264366,0.9624212739700961,-0.9918167914869666,0.4117647058823529,0,MILD_STRESS,2023-01-17,2023-07-01,2023-10-24,0.6416633034285708,280
30.086403079200306,75.7148321570497,0.6567860783999996,0.029249017828571235,0.3598626425294114,0.22379780508505248,0.6275370605714283,-0.22329890942857128,0.19918620817142868,17,0.5294117647058824,-0.3602590368151257,-0.6174670071428567,1.0,0.4803488173789374,0.6788752199507597,0.12060403779614105,0.5397501451590986,0.9850980838931167,-0.993570167738678,0.5,0,MILD_STRESS,2023-01-17,2023-08-30,2023-10-24,0.6567860783999996,280
30.13341424972361,74.43204472102887,0.5703255802857137,0.08011141851428549,0.32524950159047594,0.18707077246443948,0.4902141617714282,-0.14731940822857137,0.058858936800000206,18,0.1388888888888889,-0.3339044365476187,-0.5445494325714281,1.0,0.5602972071682479,0.8466899200195237,0.18952261256246536,0.4878336886083601,0.8554252187382589,-0.9938796883825952,0.5,0,MILD_STRESS,2023-01-02,2023-02-11,2023-10-24,0.5703255802857137,295
30.20633041101837,74.87880214562907,0.6744162879999995,0.2655913525714283,0.4491734882142853,0.11863153352345246,0.40882493542857123,-0.13534768142857145,0.23466090457142907,9,0.7222222222222222,-0.4309307854761901,-0.6466272108571423,1.0,,,,0.6723869710782154,0.9952738125379748,-0.9841871902964916,0.25,2,HEALTHY,2023-01-02,2023-10-19,2023-12-23,0.6744162879999995,355
30.25621995680844,75.29911897826734,0.31235771514285693,0.08004494377142847,0.20839133791596623,0.07291279551131348,0.23231277137142847,-0.11430383228571425,0.1059009436571429,34,0.7647058823529411,-0.2337030453865544,-0.3405739108571425,1.0,0.7345399641897246,1.015115109013559,0.18481207369036387,0.31256277141824146,0.4684999295259987,-0.957555608046468,1.0,1,STRESSED,2023-09-04,2023-10-24,2023-10-29,0.31235771514285693,55
30.3288835181506,75.11677125866088,0.6539329226285711,-0.02481537740000018,0.3330274685747896,0.2065409630929368,0.6787483000285712,-0.17613424968571423,0.298502104657143,16,0.5294117647058824,-0.32316652142436947,-0.5950800277714283,1.0,0.526174164855315,0.9669260175240335,0.25764953222468406,0.4994994877851931,0.9808222745827858,-0.9877170706102371,0.47058823529411764,0,MILD_STRESS,2023-01-17,2023-08-30,2023-10-24,0.6539329226285711,280
30.368012172397847,75.75204600316869,0.5866865122857139,0.20462707028571397,0.40454022840336096,0.09798025842967306,0.3820594419999999,-0.13356789171428574,0.13976545171428595,10,0.5294117647058824,-0.3796904398403358,-0.5331850328571424,1.0,,,,0.6067565603595558,0.879958805001227,-0.9713523487998119,0.29411764705882354,2,HEALTHY,2023-01-17,2023-08-30,2023-12-18,0.5866865122857139,335
30.38711456184649,76.39291045940162,0.6054212171428566,0.000595890828571248,0.2809515228948658,0.17305572470462618,0.6048253263142853,-0.12940326885714282,0.4346885400285713,37,0.578125,-0.29199629852678544,-0.5426311059999994,1.0,0.5148830390929817,0.8390706286681304,0.20371927561049005,0.4213903196002624,0.9080591879317659,-0.9695739834040578,0.578125,0,MILD_STRESS,2023-01-17,2023-09-04,2023-12-20,0.6054212171428566,337
30.40355814698842,74.95768052503085,0.591530709428571,0.02383764771428559,0.3255694629365076,0.163838905521213,0.5676930617142855,-0.18400630600000012,0.412588714,18,0.5555555555555556,-0.31982166776587273,-0.5550341071428567,1.0,0.5735908183028654,1.031581206443736,0.2523732661547798,0.4883132856370007,0.8872171947484949,-0.9879402380810777,0.5,0,MILD_STRESS,2023-01-17,2023-08-30,2023-12-23,0.591530709428571,340
30.435064093888105,74.65878495489407,0.666001378571428,0.002028250571428372,0.3755860362222219,0.21890751317755067,0.6639731279999996,-0.20661583314285714,0.32930017542857165,18,0.1111111111111111,-0.3657560979880949,-0.5974145748571423,1.0,0.49673805541504873,0.9824582703520479,0.2414681985209482,0.5633341256683593,0.9989349062785635,-0.9883423759338695,0.5,0,MILD_STRESS,2023-01-02,2023-02-06,2023-12-23,0.666001378571428,355
30.470432435669107,75.01109495890387,0.616597823428571,0.04154988842857134,0.30302310112653036,0.1679862202278398,0.5750479349999996,-0.21810602057142858,0.14436888700000006,40,0.17142857142857143,-0.2909172270824487,-0.5561565008571424,1.0,0.46701934191249744,0.864133481263537,0.2190555151475332,0.4544937463845736,0.9248276231105437,-0.9870509296874798,0.5714285714285714,0,MILD_STRESS,2023-01-17,2023-02-26,2023-10-29,0.616597823428571,285
30.5650397935388,75.95230628470503,0.5869494719999995,0.0815743224285713,0.32826503847142824,0.17754601268420414,0.5053751495714282,-0.09231130828571427,0.1702936469999999,36,0.5428571428571428,-0.3175233555020405,-0.5522475228571424,1.0,0.8089911888756006,1.0166780396323232,0.1719360366864758,0.4923482710658871,0.8803468742036588,-0.9881076975779973,0.5142857142857142,0,MILD_STRESS,2023-01-17,2023-08-30,2023-10-24,0.5869494719999995,280
30.580495037181304,75.2794592470768,0.5830492642571425,0.007570905257142685,0.3109948054899157,0.1776957219621414,0.5754783589999999,-0.17552510565714274,0.2796758961142859,18,0.5294117647058824,-0.3096943460529409,-0.5378761415714283,1.0,0.506812372481353,0.9687754526603862,0.2877180029195567,0.46645106736713987,0.8745005055028641,-0.9893876099827635,0.5294117647058824,0,MILD_STRESS,2023-01-17,2023-08-30,2023-10-24,0.5830492642571425,280
30.62652721230844,76.20821750089146,0.6596373717142852,0.049529609742856986,0.3412175465937497,0.20979448075861848,0.6101077619714281,-0.19650637,0.42503992482857145,34,0.3125,-0.3237629283303568,-0.5946600359999994,1.0,0.47372350346121006,0.9782671873476059,0.35944085844736207,0.5104239257287146,0.9751597503953953,-0.9941059460997439,0.53125,0,MILD_STRESS,2023-01-17,2023-05-07,2023-12-20,0.6596373717142852,337
30.68813046969427,75.18882715708921,0.6420281079999994,0.031248634514285653,0.3244716463311685,0.15599156253463317,0.6107794734857138,-0.22118920214285726,0.24426382491428572,39,0.5606060606060606,-0.30190516684848456,-0.5968384442857138,1.0,0.5864615266807629,0.999527476461022,0.35829406276411,0.4866628424994321,0.9629669681993669,-0.9926035799087012,0.5909090909090909,0,MILD_STRESS,2023-01-22,2023-08-30,2023-10-24,0.6420281079999994,275
30.703045818213656,76.10631946881482,0.641466353428571,-0.04091864305714288,0.3738633802239909,0.164916743468922,0.6823849964857138,-0.30646105788571437,0.14085145239999958,105,0.5458015267175572,-0.35315042665485247,-0.5827360597142851,0.9923664122137404,0.7139754540006124,0.999530597842059,0.22202469495037655,0.5607477044135473,0.9621299176056128,-0.9852459140708626,0.3931297709923664,0,MILD_STRESS,2023-01-17,2023-09-01,2023-12-20,0.641466353428571,337
30.762801286933712,75.9798463072866,0.5271911888571423,0.2119249871428569,0.3510541693978019,0.08685497294861999,0.31526620171428543,-0.10374076771428564,0.13353520628571447,40,0.6153846153846154,-0.3399609356131865,-0.48665206342857104,1.0,0.9677936097023959,0.9940516778706882,0.005403014285349079,0.5265306342234759,0.7907151940406172,-0.9806275507868509,0.6153846153846154,0,MILD_STRESS,2023-01-27,2023-09-26,2023-12-20,0.5271911888571423,327
30.773604240129966,76.53198145303423,0.6051881010857139,0.0246404462285712,0.3051034746065931,0.1823776699904151,0.5805476548571427,-0.2079378540000002,0.13021077977142836,35,0.5076923076923077,-0.31307009861977997,-0.5496652628571426,1.0,0.5678948169486765,0.9099460432842876,0.24541173629723034,0.4576170672803151,0.9077072746723526,-0.9754275816681245,0.5384615384615384,0,MILD_STRESS,2023-01-12,2023-08-30,2023-12-20,0.6051881010857139,342
30.906142255020168,75.65680950711797,0.5246567754285711,0.1621678368571426,0.3340664173124997,0.10932232982612562,0.36248893857142855,-0.1785280948571428,0.32945037028571394,20,0.9375,-0.330218249848214,-0.4843982508571426,1.0,,,,0.5010519975855433,0.786910211913312,-0.9890901559561804,0.625,2,HEALTHY,2023-01-17,2023-12-13,2023-12-18,0.5246567754285711,335
30.90691878957257,76.27712323447857,0.6252426442857139,0.05803219691428565,0.33547561226813155,0.18960758406238637,0.5672104473714282,-0.17931975085714302,0.023051742514285413,33,0.5076923076923077,-0.32213528468351615,-0.5651805577142852,1.0,0.638287988367227,1.0062172719479743,0.1933528459553684,0.503170166172195,0.9377921871262662,-0.9880744801161728,0.5076923076923077,0,MILD_STRESS,2023-01-12,2023-08-30,2023-12-18,0.6252426442857139,340
30.96497862472879,75.92169990515954,0.4675341342857139,0.1170557077142856,0.2443385787965366,0.10888770900761877,0.3504784265714283,-0.08526010342857138,0.09074359142857162,26,0.6060606060606061,-0.2596251901125539,-0.4292808551428568,1.0,0.8330032298371297,1.0010022807792756,0.1414081439764048,0.36647182243768467,0.7012403487012986,-0.9922709169490288,0.7878787878787878,1,STRESSED,2023-04-07,2023-09-04,2023-10-24,0.4675341342857139,200
30.96990503438352,75.4273980932442,0.6274655025714282,0.006994729999999824,0.3067579836901783,0.21686253913182316,0.6204707725714284,-0.18203988714285702,0.24522940237142876,18,0.59375,-0.3216203805714283,-0.5872371867142854,1.0,0.5112862625800967,0.9099234945198419,0.25719244970628385,0.4600990533558523,0.9411204000627784,-0.9945615712737386,0.5625,0,MILD_STRESS,2023-01-17,2023-09-04,2023-10-19,0.6274655025714282,275
30.97086151232952,75.51180326389321,0.2958050757142855,0.1888831522857143,0.24155109733035693,0.033258670624455776,0.10692192342857118,-0.055757910857142795,0.07249511828571417,32,0.59375,-0.2710511551964283,-0.3221937165714283,1.0,0.8144448001544821,0.9484424193837483,0.04793475107150052,0.3622951773483646,0.44367345842629125,-0.9186645779865255,1.0,1,STRESSED,2023-01-17,2023-09-04,2023-12-18,0.2958050757142855,335
30.97507054141885,75.94849930333825,0.602185285428571,0.033489118799999815,0.3052111630233764,0.18882826035454156,0.5686961666285711,-0.14514829228571424,0.2971506089714287,19,0.09090909090909091,-0.3125308233593071,-0.5559449311428566,1.0,0.6164497677475829,0.9112680949364614,0.21993248854045003,0.45777790431275645,0.9032037923819474,-0.9893268251120959,0.5757575757575758,0,MILD_STRESS,2023-01-17,2023-02-01,2023-12-18,0.602185285428571,335
30.98851090042315,74.55136245942504,0.38029792928571404,-0.17878617265714275,0.1192982809488094,0.16029723877857094,0.5590841019428567,-0.17636885131428565,0.10423348485714265,33,0.5,-0.12064014149523798,-0.3534880657142855,0.7222222222222222,0.34163693906587667,0.8270562387339975,0.4464507915217485,0.17893251686395537,0.5703985679162703,-0.9911957028656809,0.6388888888888888,1,STRESSED,2023-05-07,2023-06-16,2023-06-16,0.38029792928571404,40
30.99509642731238,75.42227325944118,0.6300393199999994,0.06080745962857134,0.3959657320758925,0.18991885648957577,0.569231860371428,-0.20417487628571424,0.39116850608571385,11,0.125,-0.37370219408035676,-0.5821433059999994,1.0,0.6033924104075465,0.7684553672577619,0.1400348005563039,0.5939004992259523,0.9449952687950256,-0.9864392361256485,0.34375,0,MILD_STRESS,2023-01-17,2023-02-06,2023-12-18,0.6300393199999994,335
31.11546065864115,74.80110315150363,0.6440553314285709,-0.10515830777142854,0.23333738938253948,0.2325966495475594,0.7492136391999994,-0.13136721457142847,0.5454140378285712,23,0.2222222222222222,-0.2450974258555553,-0.5984467848571423,0.9444444444444444,0.31173581480114154,0.5898513001830532,0.2411831495103191,0.349977602525607,0.9660128581387021,-0.9897001511998493,0.5833333333333334,0,MILD_STRESS,2023-01-17,2023-03-08,2023-12-18,0.6440553314285709,335
31.139802583357216,75.71390613060048,0.6271335694285709,0.037021045142856965,0.31742700226839804,0.174169495232607,0.5901125242857139,-0.1467307868571428,0.3967750791428575,18,0.21212121212121213,-0.3210287020043287,-0.5572079857142852,1.0,0.6036007767024254,0.8631745854699249,0.20919104869291127,0.4760981066143847,0.940634806533815,-0.9857441972758024,0.5454545454545454,0,MILD_STRESS,2023-01-22,2023-02-26,2023-12-18,0.6271335694285709,330
31.16463003378407,75.39658133069807,0.5780379422857138,0.022344372999999862,0.3388740391168828,0.16060734152496034,0.5556935692857139,-0.10762857242857138,0.47482305742857095,14,0.6060606060606061,-0.32315330440692613,-0.5079384842857139,1.0,0.7500320162155316,0.9663047514604846,0.1332370721846992,0.5082645616783075,0.8669869019342968,-0.9907288015058202,0.42424242424242425,0,MILD_STRESS,2023-01-17,2023-09-04,2023-12-18,0.5780379422857138,335
31.20556457734315,76.43005937775438,0.6409283331428567,0.09103195171428545,0.3436237498816961,0.17633446291970162,0.5498963814285712,-0.11577393399999997,0.2866050151428574,35,0.5,-0.335296955004464,-0.5652216382857138,1.0,0.7448374300233083,0.9604789686554083,0.14159933654923282,0.5153928467311848,0.9613238054764239,-0.9879316619232495,0.546875,0,MILD_STRESS,2023-01-12,2023-08-30,2023-12-25,0.6409283331428567,347
31.463235195596926,75.53340931846465,0.5720085219999995,0.05942967479999983,0.3598353096741068,0.16098797915489818,0.5125788471999997,-0.158115430142857,0.4513657734857144,13,0.59375,-0.35007371566071394,-0.5363985582857138,1.0,0.4459210847782791,0.8888313338285702,0.20808340496937974,0.5397043551512335,0.8579412143073769,-0.9915363620008774,0.40625,0,MILD_STRESS,2023-01-17,2023-09-04,2023-12-18,0.5720085219999995,335
31.58866234173577,75.96214429686754,0.46991100771428534,0.1817119694285712,0.32707832543809495,0.08037221399453587,0.28819903828571414,-0.13215138771428575,0.10929458800000014,36,0.6,-0.31344112846666644,-0.4280120914285711,1.0,0.1507170078367147,0.9551482139534277,0.7559695073778034,0.49056802191360377,0.7047999521367694,-0.986199082059017,0.6,1,STRESSED,2023-04-02,2023-09-29,2023-12-18,0.46991100771428534,260
31.61811955504992,75.56107084538891,0.5054252939999995,0.05929269314285712,0.3208499090238092,0.12237884696644195,0.44613260085714235,-0.09597241228571424,0.0,34,0.13333333333333333,-0.31545421610952357,-0.47992832457142814,1.0,0.9332512689929217,0.9762117809592449,0.07438344925015812,0.48123102850477917,0.7580765243386323,-0.9811738031020475,0.5666666666666667,0,MILD_STRESS,2023-01-17,2023-02-21,2023-10-29,0.5054252939999995,285
31.674981781668837,75.57618210346608,0.6161052968571424,0.010724715485714114,0.2630212347346937,0.18953825786580414,0.6053805813714284,-0.14781181914285707,0.07002741322857155,18,0.07142857142857142,-0.275785436385714,-0.5669246548571424,1.0,0.47133664718243956,0.5927878274456535,0.0842683647977139,0.39449782105744186,0.9240892002128712,-0.9816027811159662,0.6428571428571429,0,MILD_STRESS,2023-01-17,2023-02-21,2023-10-04,0.6161052968571424,260
31.69812573610165,75.9582074110703,0.5771963211428568,0.26512396285714246,0.4074965382857139,0.08697098144627118,0.31207235828571434,-0.19425379942857152,0.1931800722857145,10,0.5714285714285714,-0.3772973059540813,-0.5245157056857139,1.0,,,,0.6111823547647061,0.8657165025616695,-0.9888126964466897,0.35714285714285715,2,HEALTHY,2023-01-17,2023-10-04,2023-12-18,0.5771963211428568,335
31.761438749431974,74.77755882886709,0.6721985745714281,0.03721945908571408,0.3674908785877548,0.2061167132227767,0.634979115485714,-0.19424615205714274,0.5701788580571426,15,0.5428571428571428,-0.35095010956938744,-0.6180367146999997,1.0,0.6177555042180948,0.7711318511439016,0.1486886859809719,0.5511923132815787,1.008223743059016,-0.980309307684837,0.42857142857142855,0,MILD_STRESS,2023-01-17,2023-09-04,2023-12-18,0.6721985745714281,335
31.764143386392096,75.30977899945552,0.5168662971428568,0.03975304228571412,0.21952363761734675,0.1555160790828026,0.4771132548571427,-0.15040364942857143,0.0918739205714287,21,0.03571428571428571,-0.235926843403061,-0.4610473805714283,1.0,0.6226324469080964,0.9790036044476929,0.2166061412994772,0.3292569137824663,0.7752322898475275,-0.9692423396975265,0.75,1,STRESSED,2023-01-17,2023-01-27,2023-09-29,0.5168662971428568,255
31.78859605967991,75.43259965499281,0.6121582668571427,0.031168900799999823,0.3105799270510201,0.17768136116230315,0.5809893660571429,-0.23707325714285757,0.15607703577142779,15,0.03571428571428571,-0.3100864565663262,-0.5492440331428567,1.0,0.6024886034623222,0.8602232166584518,0.16418772490293182,0.4658295610244658,0.9181634382343853,-0.9843146556212645,0.5357142857142857,0,MILD_STRESS,2023-01-17,2023-01-27,2023-12-13,0.6121582668571427,330
31.86627985809932,75.74365687458071,0.30217300771428546,0.1508473545714284,0.21935720111224472,0.04425004243473312,0.15132565314285706,-0.07169981542857148,0.1048128591428572,28,0.7142857142857143,-0.23459169192857124,-0.30716291799999973,1.0,0.7815542440123122,0.8994876209176426,0.08750310104212125,0.3290045675804369,0.4532182016971146,-0.9705869653803368,1.0,1,STRESSED,2023-10-29,2023-10-29,2023-10-29,0.30217300771428546,0
